temperature,model,decoder,parameter,word_any_wcs,word_all_wcs,covered_words_any,covered_words_all,total_words,covered_contexts,total_contexts,audit_path
0.7,google/gemma-3-27b-it,top_k,1.0,0.32,0.0,32,0,100,46,1000,/tf/WCS/results/gemma3_27b_unquantized/t0p7/audit.gemma3-27b-it.jsonl
0.7,google/gemma-3-27b-it,top_k,2.0,0.45,0.0,45,0,100,71,1000,/tf/WCS/results/gemma3_27b_unquantized/t0p7/audit.gemma3-27b-it.jsonl
0.7,google/gemma-3-27b-it,top_k,3.0,0.5,0.0,50,0,100,90,1000,/tf/WCS/results/gemma3_27b_unquantized/t0p7/audit.gemma3-27b-it.jsonl
0.7,google/gemma-3-27b-it,top_k,4.0,0.53,0.0,53,0,100,106,1000,/tf/WCS/results/gemma3_27b_unquantized/t0p7/audit.gemma3-27b-it.jsonl
0.7,google/gemma-3-27b-it,top_k,5.0,0.58,0.0,58,0,100,114,1000,/tf/WCS/results/gemma3_27b_unquantized/t0p7/audit.gemma3-27b-it.jsonl
0.7,google/gemma-3-27b-it,top_k,6.0,0.62,0.0,62,0,100,127,1000,/tf/WCS/results/gemma3_27b_unquantized/t0p7/audit.gemma3-27b-it.jsonl
0.7,google/gemma-3-27b-it,top_k,7.0,0.64,0.0,64,0,100,135,1000,/tf/WCS/results/gemma3_27b_unquantized/t0p7/audit.gemma3-27b-it.jsonl
0.7,google/gemma-3-27b-it,top_k,8.0,0.64,0.0,64,0,100,146,1000,/tf/WCS/results/gemma3_27b_unquantized/t0p7/audit.gemma3-27b-it.jsonl
0.7,google/gemma-3-27b-it,top_k,9.0,0.67,0.0,67,0,100,160,1000,/tf/WCS/results/gemma3_27b_unquantized/t0p7/audit.gemma3-27b-it.jsonl
0.7,google/gemma-3-27b-it,top_k,10.0,0.69,0.0,69,0,100,167,1000,/tf/WCS/results/gemma3_27b_unquantized/t0p7/audit.gemma3-27b-it.jsonl
0.7,google/gemma-3-27b-it,top_k,11.0,0.7,0.0,70,0,100,170,1000,/tf/WCS/results/gemma3_27b_unquantized/t0p7/audit.gemma3-27b-it.jsonl
0.7,google/gemma-3-27b-it,top_k,12.0,0.7,0.0,70,0,100,176,1000,/tf/WCS/results/gemma3_27b_unquantized/t0p7/audit.gemma3-27b-it.jsonl
0.7,google/gemma-3-27b-it,top_k,13.0,0.71,0.0,71,0,100,182,1000,/tf/WCS/results/gemma3_27b_unquantized/t0p7/audit.gemma3-27b-it.jsonl
0.7,google/gemma-3-27b-it,top_k,14.0,0.71,0.0,71,0,100,188,1000,/tf/WCS/results/gemma3_27b_unquantized/t0p7/audit.gemma3-27b-it.jsonl
0.7,google/gemma-3-27b-it,top_k,15.0,0.71,0.0,71,0,100,193,1000,/tf/WCS/results/gemma3_27b_unquantized/t0p7/audit.gemma3-27b-it.jsonl
0.7,google/gemma-3-27b-it,top_k,16.0,0.74,0.0,74,0,100,198,1000,/tf/WCS/results/gemma3_27b_unquantized/t0p7/audit.gemma3-27b-it.jsonl
0.7,google/gemma-3-27b-it,top_k,17.0,0.75,0.0,75,0,100,202,1000,/tf/WCS/results/gemma3_27b_unquantized/t0p7/audit.gemma3-27b-it.jsonl
0.7,google/gemma-3-27b-it,top_k,18.0,0.75,0.0,75,0,100,206,1000,/tf/WCS/results/gemma3_27b_unquantized/t0p7/audit.gemma3-27b-it.jsonl
0.7,google/gemma-3-27b-it,top_k,19.0,0.75,0.0,75,0,100,207,1000,/tf/WCS/results/gemma3_27b_unquantized/t0p7/audit.gemma3-27b-it.jsonl
0.7,google/gemma-3-27b-it,top_k,20.0,0.76,0.0,76,0,100,216,1000,/tf/WCS/results/gemma3_27b_unquantized/t0p7/audit.gemma3-27b-it.jsonl
0.7,google/gemma-3-27b-it,top_p,0.5,0.18,0.0,18,0,100,18,1000,/tf/WCS/results/gemma3_27b_unquantized/t0p7/audit.gemma3-27b-it.jsonl
0.7,google/gemma-3-27b-it,top_p,0.55,0.2,0.0,20,0,100,21,1000,/tf/WCS/results/gemma3_27b_unquantized/t0p7/audit.gemma3-27b-it.jsonl
0.7,google/gemma-3-27b-it,top_p,0.6,0.25,0.0,25,0,100,29,1000,/tf/WCS/results/gemma3_27b_unquantized/t0p7/audit.gemma3-27b-it.jsonl
0.7,google/gemma-3-27b-it,top_p,0.65,0.3,0.0,30,0,100,34,1000,/tf/WCS/results/gemma3_27b_unquantized/t0p7/audit.gemma3-27b-it.jsonl
0.7,google/gemma-3-27b-it,top_p,0.7,0.31,0.0,31,0,100,39,1000,/tf/WCS/results/gemma3_27b_unquantized/t0p7/audit.gemma3-27b-it.jsonl
0.7,google/gemma-3-27b-it,top_p,0.75,0.36,0.0,36,0,100,48,1000,/tf/WCS/results/gemma3_27b_unquantized/t0p7/audit.gemma3-27b-it.jsonl
0.7,google/gemma-3-27b-it,top_p,0.8,0.4,0.0,40,0,100,56,1000,/tf/WCS/results/gemma3_27b_unquantized/t0p7/audit.gemma3-27b-it.jsonl
0.7,google/gemma-3-27b-it,top_p,0.85,0.44,0.0,44,0,100,64,1000,/tf/WCS/results/gemma3_27b_unquantized/t0p7/audit.gemma3-27b-it.jsonl
0.7,google/gemma-3-27b-it,top_p,0.9,0.5,0.0,50,0,100,83,1000,/tf/WCS/results/gemma3_27b_unquantized/t0p7/audit.gemma3-27b-it.jsonl
0.7,google/gemma-3-27b-it,top_p,0.95,0.58,0.0,58,0,100,121,1000,/tf/WCS/results/gemma3_27b_unquantized/t0p7/audit.gemma3-27b-it.jsonl
0.7,google/gemma-3-27b-it,top_p,0.99,0.84,0.0,84,0,100,226,1000,/tf/WCS/results/gemma3_27b_unquantized/t0p7/audit.gemma3-27b-it.jsonl
0.7,google/gemma-3-27b-it,min_p,0.01,0.65,0.0,65,0,100,145,1000,/tf/WCS/results/gemma3_27b_unquantized/t0p7/audit.gemma3-27b-it.jsonl
0.7,google/gemma-3-27b-it,min_p,0.02,0.59,0.0,59,0,100,120,1000,/tf/WCS/results/gemma3_27b_unquantized/t0p7/audit.gemma3-27b-it.jsonl
0.7,google/gemma-3-27b-it,min_p,0.03,0.55,0.0,55,0,100,108,1000,/tf/WCS/results/gemma3_27b_unquantized/t0p7/audit.gemma3-27b-it.jsonl
0.7,google/gemma-3-27b-it,min_p,0.04,0.54,0.0,54,0,100,104,1000,/tf/WCS/results/gemma3_27b_unquantized/t0p7/audit.gemma3-27b-it.jsonl
0.7,google/gemma-3-27b-it,min_p,0.05,0.52,0.0,52,0,100,97,1000,/tf/WCS/results/gemma3_27b_unquantized/t0p7/audit.gemma3-27b-it.jsonl
0.7,google/gemma-3-27b-it,min_p,0.06,0.52,0.0,52,0,100,93,1000,/tf/WCS/results/gemma3_27b_unquantized/t0p7/audit.gemma3-27b-it.jsonl
0.7,google/gemma-3-27b-it,min_p,0.07,0.51,0.0,51,0,100,90,1000,/tf/WCS/results/gemma3_27b_unquantized/t0p7/audit.gemma3-27b-it.jsonl
0.7,google/gemma-3-27b-it,min_p,0.08,0.51,0.0,51,0,100,90,1000,/tf/WCS/results/gemma3_27b_unquantized/t0p7/audit.gemma3-27b-it.jsonl
0.7,google/gemma-3-27b-it,min_p,0.09,0.51,0.0,51,0,100,86,1000,/tf/WCS/results/gemma3_27b_unquantized/t0p7/audit.gemma3-27b-it.jsonl
0.7,google/gemma-3-27b-it,min_p,0.1,0.49,0.0,49,0,100,82,1000,/tf/WCS/results/gemma3_27b_unquantized/t0p7/audit.gemma3-27b-it.jsonl
1.0,google/gemma-3-27b-it,top_k,1.0,0.32,0.0,32,0,100,46,1000,/tf/WCS/results/gemma3_27b_unquantized/t1/audit.gemma3-27b-it.jsonl
1.0,google/gemma-3-27b-it,top_k,2.0,0.45,0.0,45,0,100,71,1000,/tf/WCS/results/gemma3_27b_unquantized/t1/audit.gemma3-27b-it.jsonl
1.0,google/gemma-3-27b-it,top_k,3.0,0.5,0.0,50,0,100,90,1000,/tf/WCS/results/gemma3_27b_unquantized/t1/audit.gemma3-27b-it.jsonl
1.0,google/gemma-3-27b-it,top_k,4.0,0.53,0.0,53,0,100,106,1000,/tf/WCS/results/gemma3_27b_unquantized/t1/audit.gemma3-27b-it.jsonl
1.0,google/gemma-3-27b-it,top_k,5.0,0.58,0.0,58,0,100,114,1000,/tf/WCS/results/gemma3_27b_unquantized/t1/audit.gemma3-27b-it.jsonl
1.0,google/gemma-3-27b-it,top_k,6.0,0.62,0.0,62,0,100,127,1000,/tf/WCS/results/gemma3_27b_unquantized/t1/audit.gemma3-27b-it.jsonl
1.0,google/gemma-3-27b-it,top_k,7.0,0.64,0.0,64,0,100,135,1000,/tf/WCS/results/gemma3_27b_unquantized/t1/audit.gemma3-27b-it.jsonl
1.0,google/gemma-3-27b-it,top_k,8.0,0.64,0.0,64,0,100,146,1000,/tf/WCS/results/gemma3_27b_unquantized/t1/audit.gemma3-27b-it.jsonl
1.0,google/gemma-3-27b-it,top_k,9.0,0.67,0.0,67,0,100,160,1000,/tf/WCS/results/gemma3_27b_unquantized/t1/audit.gemma3-27b-it.jsonl
1.0,google/gemma-3-27b-it,top_k,10.0,0.69,0.0,69,0,100,167,1000,/tf/WCS/results/gemma3_27b_unquantized/t1/audit.gemma3-27b-it.jsonl
1.0,google/gemma-3-27b-it,top_k,11.0,0.7,0.0,70,0,100,170,1000,/tf/WCS/results/gemma3_27b_unquantized/t1/audit.gemma3-27b-it.jsonl
1.0,google/gemma-3-27b-it,top_k,12.0,0.7,0.0,70,0,100,176,1000,/tf/WCS/results/gemma3_27b_unquantized/t1/audit.gemma3-27b-it.jsonl
1.0,google/gemma-3-27b-it,top_k,13.0,0.71,0.0,71,0,100,182,1000,/tf/WCS/results/gemma3_27b_unquantized/t1/audit.gemma3-27b-it.jsonl
1.0,google/gemma-3-27b-it,top_k,14.0,0.71,0.0,71,0,100,188,1000,/tf/WCS/results/gemma3_27b_unquantized/t1/audit.gemma3-27b-it.jsonl
1.0,google/gemma-3-27b-it,top_k,15.0,0.71,0.0,71,0,100,193,1000,/tf/WCS/results/gemma3_27b_unquantized/t1/audit.gemma3-27b-it.jsonl
1.0,google/gemma-3-27b-it,top_k,16.0,0.74,0.0,74,0,100,198,1000,/tf/WCS/results/gemma3_27b_unquantized/t1/audit.gemma3-27b-it.jsonl
1.0,google/gemma-3-27b-it,top_k,17.0,0.75,0.0,75,0,100,202,1000,/tf/WCS/results/gemma3_27b_unquantized/t1/audit.gemma3-27b-it.jsonl
1.0,google/gemma-3-27b-it,top_k,18.0,0.75,0.0,75,0,100,206,1000,/tf/WCS/results/gemma3_27b_unquantized/t1/audit.gemma3-27b-it.jsonl
1.0,google/gemma-3-27b-it,top_k,19.0,0.75,0.0,75,0,100,207,1000,/tf/WCS/results/gemma3_27b_unquantized/t1/audit.gemma3-27b-it.jsonl
1.0,google/gemma-3-27b-it,top_k,20.0,0.76,0.0,76,0,100,216,1000,/tf/WCS/results/gemma3_27b_unquantized/t1/audit.gemma3-27b-it.jsonl
1.0,google/gemma-3-27b-it,top_p,0.5,0.36,0.0,36,0,100,46,1000,/tf/WCS/results/gemma3_27b_unquantized/t1/audit.gemma3-27b-it.jsonl
1.0,google/gemma-3-27b-it,top_p,0.55,0.4,0.0,40,0,100,53,1000,/tf/WCS/results/gemma3_27b_unquantized/t1/audit.gemma3-27b-it.jsonl
1.0,google/gemma-3-27b-it,top_p,0.6,0.45,0.0,45,0,100,62,1000,/tf/WCS/results/gemma3_27b_unquantized/t1/audit.gemma3-27b-it.jsonl
1.0,google/gemma-3-27b-it,top_p,0.65,0.48,0.0,48,0,100,74,1000,/tf/WCS/results/gemma3_27b_unquantized/t1/audit.gemma3-27b-it.jsonl
1.0,google/gemma-3-27b-it,top_p,0.7,0.53,0.0,53,0,100,94,1000,/tf/WCS/results/gemma3_27b_unquantized/t1/audit.gemma3-27b-it.jsonl
1.0,google/gemma-3-27b-it,top_p,0.75,0.58,0.0,58,0,100,118,1000,/tf/WCS/results/gemma3_27b_unquantized/t1/audit.gemma3-27b-it.jsonl
1.0,google/gemma-3-27b-it,top_p,0.8,0.66,0.0,66,0,100,140,1000,/tf/WCS/results/gemma3_27b_unquantized/t1/audit.gemma3-27b-it.jsonl
1.0,google/gemma-3-27b-it,top_p,0.85,0.77,0.0,77,0,100,184,1000,/tf/WCS/results/gemma3_27b_unquantized/t1/audit.gemma3-27b-it.jsonl
1.0,google/gemma-3-27b-it,top_p,0.9,0.85,0.0,85,0,100,240,1000,/tf/WCS/results/gemma3_27b_unquantized/t1/audit.gemma3-27b-it.jsonl
1.0,google/gemma-3-27b-it,top_p,0.95,0.93,0.0,93,0,100,363,1000,/tf/WCS/results/gemma3_27b_unquantized/t1/audit.gemma3-27b-it.jsonl
1.0,google/gemma-3-27b-it,top_p,0.99,1.0,0.02,100,2,100,634,1000,/tf/WCS/results/gemma3_27b_unquantized/t1/audit.gemma3-27b-it.jsonl
1.0,google/gemma-3-27b-it,min_p,0.01,0.79,0.0,79,0,100,210,1000,/tf/WCS/results/gemma3_27b_unquantized/t1/audit.gemma3-27b-it.jsonl
1.0,google/gemma-3-27b-it,min_p,0.02,0.73,0.0,73,0,100,183,1000,/tf/WCS/results/gemma3_27b_unquantized/t1/audit.gemma3-27b-it.jsonl
1.0,google/gemma-3-27b-it,min_p,0.03,0.67,0.0,67,0,100,161,1000,/tf/WCS/results/gemma3_27b_unquantized/t1/audit.gemma3-27b-it.jsonl
1.0,google/gemma-3-27b-it,min_p,0.04,0.65,0.0,65,0,100,145,1000,/tf/WCS/results/gemma3_27b_unquantized/t1/audit.gemma3-27b-it.jsonl
1.0,google/gemma-3-27b-it,min_p,0.05,0.62,0.0,62,0,100,132,1000,/tf/WCS/results/gemma3_27b_unquantized/t1/audit.gemma3-27b-it.jsonl
1.0,google/gemma-3-27b-it,min_p,0.06,0.61,0.0,61,0,100,125,1000,/tf/WCS/results/gemma3_27b_unquantized/t1/audit.gemma3-27b-it.jsonl
1.0,google/gemma-3-27b-it,min_p,0.07,0.59,0.0,59,0,100,120,1000,/tf/WCS/results/gemma3_27b_unquantized/t1/audit.gemma3-27b-it.jsonl
1.0,google/gemma-3-27b-it,min_p,0.08,0.56,0.0,56,0,100,113,1000,/tf/WCS/results/gemma3_27b_unquantized/t1/audit.gemma3-27b-it.jsonl
1.0,google/gemma-3-27b-it,min_p,0.09,0.55,0.0,55,0,100,108,1000,/tf/WCS/results/gemma3_27b_unquantized/t1/audit.gemma3-27b-it.jsonl
1.0,google/gemma-3-27b-it,min_p,0.1,0.54,0.0,54,0,100,104,1000,/tf/WCS/results/gemma3_27b_unquantized/t1/audit.gemma3-27b-it.jsonl
1.5,google/gemma-3-27b-it,top_k,1.0,0.32,0.0,32,0,100,46,1000,/tf/WCS/results/gemma3_27b_unquantized/t1p5/audit.gemma3-27b-it.jsonl
1.5,google/gemma-3-27b-it,top_k,2.0,0.45,0.0,45,0,100,71,1000,/tf/WCS/results/gemma3_27b_unquantized/t1p5/audit.gemma3-27b-it.jsonl
1.5,google/gemma-3-27b-it,top_k,3.0,0.5,0.0,50,0,100,90,1000,/tf/WCS/results/gemma3_27b_unquantized/t1p5/audit.gemma3-27b-it.jsonl
1.5,google/gemma-3-27b-it,top_k,4.0,0.53,0.0,53,0,100,106,1000,/tf/WCS/results/gemma3_27b_unquantized/t1p5/audit.gemma3-27b-it.jsonl
1.5,google/gemma-3-27b-it,top_k,5.0,0.58,0.0,58,0,100,114,1000,/tf/WCS/results/gemma3_27b_unquantized/t1p5/audit.gemma3-27b-it.jsonl
1.5,google/gemma-3-27b-it,top_k,6.0,0.62,0.0,62,0,100,127,1000,/tf/WCS/results/gemma3_27b_unquantized/t1p5/audit.gemma3-27b-it.jsonl
1.5,google/gemma-3-27b-it,top_k,7.0,0.64,0.0,64,0,100,135,1000,/tf/WCS/results/gemma3_27b_unquantized/t1p5/audit.gemma3-27b-it.jsonl
1.5,google/gemma-3-27b-it,top_k,8.0,0.64,0.0,64,0,100,146,1000,/tf/WCS/results/gemma3_27b_unquantized/t1p5/audit.gemma3-27b-it.jsonl
1.5,google/gemma-3-27b-it,top_k,9.0,0.67,0.0,67,0,100,160,1000,/tf/WCS/results/gemma3_27b_unquantized/t1p5/audit.gemma3-27b-it.jsonl
1.5,google/gemma-3-27b-it,top_k,10.0,0.69,0.0,69,0,100,167,1000,/tf/WCS/results/gemma3_27b_unquantized/t1p5/audit.gemma3-27b-it.jsonl
1.5,google/gemma-3-27b-it,top_k,11.0,0.7,0.0,70,0,100,170,1000,/tf/WCS/results/gemma3_27b_unquantized/t1p5/audit.gemma3-27b-it.jsonl
1.5,google/gemma-3-27b-it,top_k,12.0,0.7,0.0,70,0,100,176,1000,/tf/WCS/results/gemma3_27b_unquantized/t1p5/audit.gemma3-27b-it.jsonl
1.5,google/gemma-3-27b-it,top_k,13.0,0.71,0.0,71,0,100,182,1000,/tf/WCS/results/gemma3_27b_unquantized/t1p5/audit.gemma3-27b-it.jsonl
1.5,google/gemma-3-27b-it,top_k,14.0,0.71,0.0,71,0,100,188,1000,/tf/WCS/results/gemma3_27b_unquantized/t1p5/audit.gemma3-27b-it.jsonl
1.5,google/gemma-3-27b-it,top_k,15.0,0.71,0.0,71,0,100,193,1000,/tf/WCS/results/gemma3_27b_unquantized/t1p5/audit.gemma3-27b-it.jsonl
1.5,google/gemma-3-27b-it,top_k,16.0,0.74,0.0,74,0,100,198,1000,/tf/WCS/results/gemma3_27b_unquantized/t1p5/audit.gemma3-27b-it.jsonl
1.5,google/gemma-3-27b-it,top_k,17.0,0.75,0.0,75,0,100,202,1000,/tf/WCS/results/gemma3_27b_unquantized/t1p5/audit.gemma3-27b-it.jsonl
1.5,google/gemma-3-27b-it,top_k,18.0,0.75,0.0,75,0,100,206,1000,/tf/WCS/results/gemma3_27b_unquantized/t1p5/audit.gemma3-27b-it.jsonl
1.5,google/gemma-3-27b-it,top_k,19.0,0.75,0.0,75,0,100,207,1000,/tf/WCS/results/gemma3_27b_unquantized/t1p5/audit.gemma3-27b-it.jsonl
1.5,google/gemma-3-27b-it,top_k,20.0,0.76,0.0,76,0,100,216,1000,/tf/WCS/results/gemma3_27b_unquantized/t1p5/audit.gemma3-27b-it.jsonl
1.5,google/gemma-3-27b-it,top_p,0.5,0.87,0.0,87,0,100,276,1000,/tf/WCS/results/gemma3_27b_unquantized/t1p5/audit.gemma3-27b-it.jsonl
1.5,google/gemma-3-27b-it,top_p,0.55,0.92,0.0,92,0,100,340,1000,/tf/WCS/results/gemma3_27b_unquantized/t1p5/audit.gemma3-27b-it.jsonl
1.5,google/gemma-3-27b-it,top_p,0.6,0.93,0.0,93,0,100,388,1000,/tf/WCS/results/gemma3_27b_unquantized/t1p5/audit.gemma3-27b-it.jsonl
1.5,google/gemma-3-27b-it,top_p,0.65,0.95,0.0,95,0,100,454,1000,/tf/WCS/results/gemma3_27b_unquantized/t1p5/audit.gemma3-27b-it.jsonl
1.5,google/gemma-3-27b-it,top_p,0.7,0.96,0.0,96,0,100,536,1000,/tf/WCS/results/gemma3_27b_unquantized/t1p5/audit.gemma3-27b-it.jsonl
1.5,google/gemma-3-27b-it,top_p,0.75,0.99,0.03,99,3,100,623,1000,/tf/WCS/results/gemma3_27b_unquantized/t1p5/audit.gemma3-27b-it.jsonl
1.5,google/gemma-3-27b-it,top_p,0.8,0.99,0.06,99,6,100,697,1000,/tf/WCS/results/gemma3_27b_unquantized/t1p5/audit.gemma3-27b-it.jsonl
1.5,google/gemma-3-27b-it,top_p,0.85,1.0,0.14,100,14,100,784,1000,/tf/WCS/results/gemma3_27b_unquantized/t1p5/audit.gemma3-27b-it.jsonl
1.5,google/gemma-3-27b-it,top_p,0.9,1.0,0.29,100,29,100,873,1000,/tf/WCS/results/gemma3_27b_unquantized/t1p5/audit.gemma3-27b-it.jsonl
1.5,google/gemma-3-27b-it,top_p,0.95,1.0,0.67,100,67,100,954,1000,/tf/WCS/results/gemma3_27b_unquantized/t1p5/audit.gemma3-27b-it.jsonl
1.5,google/gemma-3-27b-it,top_p,0.99,1.0,0.98,100,98,100,998,1000,/tf/WCS/results/gemma3_27b_unquantized/t1p5/audit.gemma3-27b-it.jsonl
1.5,google/gemma-3-27b-it,min_p,0.01,0.93,0.0,93,0,100,366,1000,/tf/WCS/results/gemma3_27b_unquantized/t1p5/audit.gemma3-27b-it.jsonl
1.5,google/gemma-3-27b-it,min_p,0.02,0.87,0.0,87,0,100,284,1000,/tf/WCS/results/gemma3_27b_unquantized/t1p5/audit.gemma3-27b-it.jsonl
1.5,google/gemma-3-27b-it,min_p,0.03,0.85,0.0,85,0,100,244,1000,/tf/WCS/results/gemma3_27b_unquantized/t1p5/audit.gemma3-27b-it.jsonl
1.5,google/gemma-3-27b-it,min_p,0.04,0.82,0.0,82,0,100,219,1000,/tf/WCS/results/gemma3_27b_unquantized/t1p5/audit.gemma3-27b-it.jsonl
1.5,google/gemma-3-27b-it,min_p,0.05,0.78,0.0,78,0,100,201,1000,/tf/WCS/results/gemma3_27b_unquantized/t1p5/audit.gemma3-27b-it.jsonl
1.5,google/gemma-3-27b-it,min_p,0.06,0.77,0.0,77,0,100,196,1000,/tf/WCS/results/gemma3_27b_unquantized/t1p5/audit.gemma3-27b-it.jsonl
1.5,google/gemma-3-27b-it,min_p,0.07,0.73,0.0,73,0,100,186,1000,/tf/WCS/results/gemma3_27b_unquantized/t1p5/audit.gemma3-27b-it.jsonl
1.5,google/gemma-3-27b-it,min_p,0.08,0.73,0.0,73,0,100,177,1000,/tf/WCS/results/gemma3_27b_unquantized/t1p5/audit.gemma3-27b-it.jsonl
1.5,google/gemma-3-27b-it,min_p,0.09,0.67,0.0,67,0,100,161,1000,/tf/WCS/results/gemma3_27b_unquantized/t1p5/audit.gemma3-27b-it.jsonl
1.5,google/gemma-3-27b-it,min_p,0.1,0.67,0.0,67,0,100,157,1000,/tf/WCS/results/gemma3_27b_unquantized/t1p5/audit.gemma3-27b-it.jsonl
