model_slug,metric,maximum,sample_id,temperature,decoder,parameter,text_preview
deepseek-qwen14b-distill,ttr,0.83,sample-003778,1.0,top_k,10.0,alright let me see what the user is asking for here they provided a passage about troubleshooting a音响系统 issue and asked to continue it naturally for at least words they emphasized preserving the language topic style and coherence outputting only the continuation okay first i need to understand the o
deepseek-qwen14b-distill,mtld,164.70588235294116,sample-003778,1.0,top_k,10.0,alright let me see what the user is asking for here they provided a passage about troubleshooting a音响系统 issue and asked to continue it naturally for at least words they emphasized preserving the language topic style and coherence outputting only the continuation okay first i need to understand the o
gemma3-12b-base,ttr,0.84,sample-005141,1.0,top_p,0.9,play for barcelona he did manage their b team which does mean it still counts as a return to the club in some sense real madrid have also seen that happen with current head coach carlo ancelotti a fan favourite and former madridista but also their former boss zinedine zidane who returned after hangi
gemma3-12b-base,mtld,174.99999999999997,sample-005141,1.0,top_p,0.9,play for barcelona he did manage their b team which does mean it still counts as a return to the club in some sense real madrid have also seen that happen with current head coach carlo ancelotti a fan favourite and former madridista but also their former boss zinedine zidane who returned after hangi
gemma3-12b-it,ttr,0.92,sample-005968,0.7,top_k,20.0,hyperdrive and it’s not just about contactless payments consider the sudden massive shift to remote work companies that were cautiously exploring virtual collaboration tools are now fully reliant on them integrating video conferencing cloud-based document sharing and project management software into
gemma3-12b-it,mtld,350.0000000000002,sample-005968,0.7,top_k,20.0,hyperdrive and it’s not just about contactless payments consider the sudden massive shift to remote work companies that were cautiously exploring virtual collaboration tools are now fully reliant on them integrating video conferencing cloud-based document sharing and project management software into
gemma4-e4b-base,ttr,0.84,sample-002070,1.0,top_k,80.0,more strength as the play deepens his partnering with rogers is very physical and passionate but also gentle showing the boys bond is both protective and non-violent if tharp hadn’t previously shown the company just how hard ballet must work to master the performance shows them performing at their u
gemma4-e4b-base,mtld,174.99999999999997,sample-002070,1.0,top_k,80.0,more strength as the play deepens his partnering with rogers is very physical and passionate but also gentle showing the boys bond is both protective and non-violent if tharp hadn’t previously shown the company just how hard ballet must work to master the performance shows them performing at their u
gemma4-e4b-it,ttr,0.92,sample-005968,1.0,top_p,0.8,hyperdrive if you will what was a gradual evolution is suddenly an urgent necessary sprint this acceleration isn't just cosmetic it's deeply structural businesses that hesitated to modernize their backend systems those slow-moving behemoths of legacy infrastructure are now under immense pressure to 
gemma4-e4b-it,mtld,350.0000000000002,sample-005968,1.0,top_p,0.8,hyperdrive if you will what was a gradual evolution is suddenly an urgent necessary sprint this acceleration isn't just cosmetic it's deeply structural businesses that hesitated to modernize their backend systems those slow-moving behemoths of legacy infrastructure are now under immense pressure to 
llama31-8b-base,ttr,0.85,sample-007039,1.0,untruncated,1.0,sex-party anthem is dominated by half-naked men jabbing their middle fingers at civilization their movements are proof of what happens when all the rest of your hormones leave your body you get cruel and wildly unpredictable they flair their hair with energy all the while performing these seemingly 
llama31-8b-base,mtld,186.66666666666669,sample-007039,1.0,untruncated,1.0,sex-party anthem is dominated by half-naked men jabbing their middle fingers at civilization their movements are proof of what happens when all the rest of your hormones leave your body you get cruel and wildly unpredictable they flair their hair with energy all the while performing these seemingly 
llama31-8b-instruct,ttr,0.95,sample-007039,1.0,top_p,0.99,girls girls girls is actually designed to worm its way into britney’s patented style of disgruntled monogamy not that it succeeds mind you ted nugent’s grease-mongered solo somehow foils motley crue’s boisterous marital scandal with enough rap-reflex credibility to awaken slade’s sharpening media bo
llama31-8b-instruct,mtld,174.99999999999997,sample-003320,1.0,top_k,50.0,me in record time the flavors danced on my tongue and the noodles were perfectly balanced i asked for his secret a sprinkle of paprika and sesame oil which i'm yet to recreate at home i'm still getting the hang of cooking i wandered off after lunch a little lost but finding my way into fushimi inari
mistral7b-v03-base,ttr,0.85,sample-004244,1.0,top_p,0.99,cabinet full of fabric that usually goes straight to the dog crate i guess my life got a lot less interesting once i made the decision to stop day-drinking so now i’m alllllllll about crafting home projects those tiny stroller tables you turn into coffee carts succulents in mismatched bowls and simi
mistral7b-v03-base,mtld,186.66666666666669,sample-004244,1.0,top_p,0.99,cabinet full of fabric that usually goes straight to the dog crate i guess my life got a lot less interesting once i made the decision to stop day-drinking so now i’m alllllllll about crafting home projects those tiny stroller tables you turn into coffee carts succulents in mismatched bowls and simi
mistral7b-v03-instruct,ttr,0.86,sample-001392,1.0,top_p,0.9,features include a green roof rainwater harvesting system and the use of low-voc paints and adhesives to promote indoor air quality the building's design also prioritizes natural light reducing the need for artificial lighting during daytime hours educational remodel hillside middle school science l
mistral7b-v03-instruct,mtld,200.0,sample-001392,1.0,top_p,0.9,features include a green roof rainwater harvesting system and the use of low-voc paints and adhesives to promote indoor air quality the building's design also prioritizes natural light reducing the need for artificial lighting during daytime hours educational remodel hillside middle school science l
qwen25-14b-base,ttr,0.84,sample-002070,1.0,top_p,0.99,control over his emotions he is wonderfully charming the entire cast is entirely convincing as they transform from one role often of a different character to the next all without the need of props costumes wigs or face makeup the music is notable tharp didn’t commission a large score but wove togeth
qwen25-14b-base,mtld,174.99999999999997,sample-002070,1.0,top_p,0.99,control over his emotions he is wonderfully charming the entire cast is entirely convincing as they transform from one role often of a different character to the next all without the need of props costumes wigs or face makeup the music is notable tharp didn’t commission a large score but wove togeth
qwen25-14b-instruct,ttr,0.91,sample-002894,1.0,untruncated,1.0,price tag for such comprehensive services and a high quality experience entry fees vary based upon division and age group ensuring affordability across different participant levels however almost all competitors agree that the value received far outweighs the cost boasting unbeatable amenities like 
qwen25-14b-instruct,mtld,311.11111111111126,sample-002894,1.0,untruncated,1.0,price tag for such comprehensive services and a high quality experience entry fees vary based upon division and age group ensuring affordability across different participant levels however almost all competitors agree that the value received far outweighs the cost boasting unbeatable amenities like 
qwen35-9b-base,ttr,0.89,sample-007039,1.0,untruncated,1.0,rock n roll hurdy-gurdy tune comes from track hurdy-gurdy the student of music turns about the song for the third time and sings you’re nothing special guess it’s like i told you all the girls are my girlfriends everybody’s famous around here though they do close out the ill luck suit with a ballad 
qwen35-9b-base,mtld,254.5454545454546,sample-007039,1.0,untruncated,1.0,rock n roll hurdy-gurdy tune comes from track hurdy-gurdy the student of music turns about the song for the third time and sings you’re nothing special guess it’s like i told you all the girls are my girlfriends everybody’s famous around here though they do close out the ill luck suit with a ballad 
qwen35-9b-instruct,ttr,0.9,sample-003320,1.0,top_k,20.0,thinking process analyze the request task continue the provided passage length at least words constraints preserve language topic style and coherence output only the continuation no introductions or meta-talk input passage a travel journal entry first-person informal british english hints like gobsm
qwen35-9b-instruct,mtld,280.00000000000006,sample-003320,1.0,top_k,20.0,thinking process analyze the request task continue the provided passage length at least words constraints preserve language topic style and coherence output only the continuation no introductions or meta-talk input passage a travel journal entry first-person informal british english hints like gobsm
