model_slug,temperature,decoder,contrast,metric,paired_contexts,mean_paired_difference,median_paired_difference,wilcoxon_statistic,wilcoxon_p_raw,wilcoxon_p_holm,significant_holm_05,family_definition
deepseek-qwen14b-distill,0.7,top_k,top-k 10→80,ttr,50,-0.0018000000000000017,0.0,2.0,0.13079706180685857,1.0,False,156 secondary endpoint tests
deepseek-qwen14b-distill,0.7,top_k,top-k 10→80,mtld,50,-1.444144317561702,0.0,7.0,0.23672357063785732,1.0,False,156 secondary endpoint tests
deepseek-qwen14b-distill,0.7,top_p,top-p .80→.99,ttr,50,0.010199999999999996,0.010000000000000009,433.0,0.16466439915298936,1.0,False,156 secondary endpoint tests
deepseek-qwen14b-distill,0.7,top_p,top-p .80→.99,mtld,50,7.0643922923990115,4.1481481481481595,400.0,0.0826246332275114,1.0,False,156 secondary endpoint tests
deepseek-qwen14b-distill,0.7,min_p,min-p .10→.01,ttr,50,-0.0012000000000000123,-0.0050000000000000044,445.5,0.5621027227125117,1.0,False,156 secondary endpoint tests
deepseek-qwen14b-distill,0.7,min_p,min-p .10→.01,mtld,50,4.898891878550937,0.0,404.5,0.29084108200117575,1.0,False,156 secondary endpoint tests
deepseek-qwen14b-distill,1.0,top_k,top-k 10→80,ttr,50,-0.0004000000000000048,0.0,44.0,0.5921552117403692,1.0,False,156 secondary endpoint tests
deepseek-qwen14b-distill,1.0,top_k,top-k 10→80,mtld,50,0.3111376606286861,0.0,52.0,0.9749537510711465,1.0,False,156 secondary endpoint tests
deepseek-qwen14b-distill,1.0,top_p,top-p .80→.99,ttr,50,0.015999999999999993,0.0050000000000000044,382.5,0.0839253570674822,1.0,False,156 secondary endpoint tests
deepseek-qwen14b-distill,1.0,top_p,top-p .80→.99,mtld,50,8.146739702666766,0.0,349.0,0.08839862535733037,1.0,False,156 secondary endpoint tests
deepseek-qwen14b-distill,1.0,min_p,min-p .10→.01,ttr,50,0.012199999999999996,0.010000000000000009,272.0,0.008814069678326899,0.9078491768676706,False,156 secondary endpoint tests
deepseek-qwen14b-distill,1.0,min_p,min-p .10→.01,mtld,50,3.627611696908435,0.9434470860962847,364.0,0.18777478148439775,1.0,False,156 secondary endpoint tests
gemma3-12b-base,0.7,top_k,top-k 10→80,ttr,40,0.02049999999999999,0.0,295.5,0.2765257574670068,1.0,False,156 secondary endpoint tests
gemma3-12b-base,0.7,top_k,top-k 10→80,mtld,40,4.319885050763389,4.200252431083449,290.0,0.24302308505340675,1.0,False,156 secondary endpoint tests
gemma3-12b-base,0.7,top_p,top-p .80→.99,ttr,45,0.07266666666666666,0.050000000000000044,99.5,3.881197769688372e-06,0.0005977044565320093,True,156 secondary endpoint tests
gemma3-12b-base,0.7,top_p,top-p .80→.99,mtld,45,18.639198197847794,16.666666666666664,124.0,2.5066864331534862e-05,0.003584561599409485,True,156 secondary endpoint tests
gemma3-12b-base,0.7,min_p,min-p .10→.01,ttr,41,0.04317073170731706,0.030000000000000027,248.5,0.04820893325097198,1.0,False,156 secondary endpoint tests
gemma3-12b-base,0.7,min_p,min-p .10→.01,mtld,41,7.065107182459947,5.4859868813357195,255.5,0.0953586875692411,1.0,False,156 secondary endpoint tests
gemma3-12b-base,1.0,top_k,top-k 10→80,ttr,41,0.04024390243902438,0.04999999999999993,186.0,0.0025943915911086596,0.2957606413863872,False,156 secondary endpoint tests
gemma3-12b-base,1.0,top_k,top-k 10→80,mtld,41,18.163688336591505,16.666666666666664,185.5,0.0025475184693362182,0.2942482149889755,False,156 secondary endpoint tests
gemma3-12b-base,1.0,top_p,top-p .80→.99,ttr,43,0.06534883720930233,0.07000000000000006,94.0,4.678692917019572e-06,0.0007111613233869749,True,156 secondary endpoint tests
gemma3-12b-base,1.0,top_p,top-p .80→.99,mtld,43,30.459120313037936,25.641025641025664,92.5,7.160562467890534e-06,0.00107408437018358,True,156 secondary endpoint tests
gemma3-12b-base,1.0,min_p,min-p .10→.01,ttr,40,0.069,0.07500000000000001,97.0,7.246561517906713e-05,0.010072720509890332,True,156 secondary endpoint tests
gemma3-12b-base,1.0,min_p,min-p .10→.01,mtld,40,19.75298807504788,18.909493369315054,162.0,0.0014639341451236076,0.17567209741483292,False,156 secondary endpoint tests
gemma3-12b-it,0.7,top_k,top-k 10→80,ttr,50,0.007000000000000005,0.0,182.5,0.30182846306199007,1.0,False,156 secondary endpoint tests
gemma3-12b-it,0.7,top_k,top-k 10→80,mtld,50,3.545799085065534,0.0,214.5,0.23827863665933546,1.0,False,156 secondary endpoint tests
gemma3-12b-it,0.7,top_p,top-p .80→.99,ttr,50,-0.0006000000000000005,-0.004999999999999949,508.5,0.7251418031885452,1.0,False,156 secondary endpoint tests
gemma3-12b-it,0.7,top_p,top-p .80→.99,mtld,50,0.14565213514381675,-3.508863345747823,525.0,0.6798000707500426,1.0,False,156 secondary endpoint tests
gemma3-12b-it,0.7,min_p,min-p .10→.01,ttr,50,0.0015999999999999947,0.0,540.5,1.0,1.0,False,156 secondary endpoint tests
gemma3-12b-it,0.7,min_p,min-p .10→.01,mtld,50,-0.41905443301551043,0.0,497.5,0.821386673275163,1.0,False,156 secondary endpoint tests
gemma3-12b-it,1.0,top_k,top-k 10→80,ttr,50,-0.0010000000000000076,0.0,342.0,0.8858553180167379,1.0,False,156 secondary endpoint tests
gemma3-12b-it,1.0,top_k,top-k 10→80,mtld,50,2.7184700793256433,0.0,323.5,0.49545917817383334,1.0,False,156 secondary endpoint tests
gemma3-12b-it,1.0,top_p,top-p .80→.99,ttr,50,0.010399999999999994,0.010000000000000009,448.0,0.2180347787359338,1.0,False,156 secondary endpoint tests
gemma3-12b-it,1.0,top_p,top-p .80→.99,mtld,50,4.2404662281480086,0.9029927760577863,506.5,0.5428448224570125,1.0,False,156 secondary endpoint tests
gemma3-12b-it,1.0,min_p,min-p .10→.01,ttr,50,0.006999999999999999,0.010000000000000009,464.5,0.40532113088185395,1.0,False,156 secondary endpoint tests
gemma3-12b-it,1.0,min_p,min-p .10→.01,mtld,50,4.106517348588227,6.363636363636367,449.5,0.32010307144815686,1.0,False,156 secondary endpoint tests
gemma4-e4b-base,0.7,top_k,top-k 10→80,ttr,39,0.023076923076923075,0.030000000000000027,246.0,0.11128553953374991,1.0,False,156 secondary endpoint tests
gemma4-e4b-base,0.7,top_k,top-k 10→80,mtld,39,6.47301225442388,8.87262639307409,212.0,0.05730468909396958,1.0,False,156 secondary endpoint tests
gemma4-e4b-base,0.7,top_p,top-p .80→.99,ttr,42,0.06261904761904762,0.03999999999999998,194.5,0.0022140550744139606,0.26125849878084734,False,156 secondary endpoint tests
gemma4-e4b-base,0.7,top_p,top-p .80→.99,mtld,42,7.3721125171611295,8.005254396259144,287.0,0.06295283138499941,1.0,False,156 secondary endpoint tests
gemma4-e4b-base,0.7,min_p,min-p .10→.01,ttr,39,0.06384615384615386,0.050000000000000044,148.0,0.0012477567317708787,0.1534740780078181,False,156 secondary endpoint tests
gemma4-e4b-base,0.7,min_p,min-p .10→.01,mtld,39,8.287524113619389,2.590002590002598,240.0,0.09254540640638156,1.0,False,156 secondary endpoint tests
gemma4-e4b-base,1.0,top_k,top-k 10→80,ttr,38,0.06921052631578946,0.06000000000000005,49.0,8.077794750876242e-06,0.0011955136231296837,True,156 secondary endpoint tests
gemma4-e4b-base,1.0,top_k,top-k 10→80,mtld,38,27.47644871163338,28.647827242391642,60.0,1.093020405784784e-05,0.0015958097924457847,True,156 secondary endpoint tests
gemma4-e4b-base,1.0,top_p,top-p .80→.99,ttr,39,0.07641025641025642,0.06999999999999995,58.5,1.6036281858822855e-05,0.002325260869529314,True,156 secondary endpoint tests
gemma4-e4b-base,1.0,top_p,top-p .80→.99,mtld,39,27.833515861802105,19.20165779814903,82.0,0.00013544566349090278,0.01842061023476278,True,156 secondary endpoint tests
gemma4-e4b-base,1.0,min_p,min-p .10→.01,ttr,42,0.06071428571428572,0.050000000000000044,60.5,6.798317222099921e-06,0.001026545900537088,True,156 secondary endpoint tests
gemma4-e4b-base,1.0,min_p,min-p .10→.01,mtld,42,16.969281109259185,18.903703938583604,172.0,0.00137874135631895,0.1682064454709119,False,156 secondary endpoint tests
gemma4-e4b-it,0.7,top_k,top-k 10→80,ttr,50,0.005199999999999998,0.0,172.5,0.21473669358036107,1.0,False,156 secondary endpoint tests
gemma4-e4b-it,0.7,top_k,top-k 10→80,mtld,50,2.8595165325579215,0.0,181.0,0.28938779296386474,1.0,False,156 secondary endpoint tests
gemma4-e4b-it,0.7,top_p,top-p .80→.99,ttr,50,4.440892098500626e-18,0.0,459.5,0.6779088916027938,1.0,False,156 secondary endpoint tests
gemma4-e4b-it,0.7,top_p,top-p .80→.99,mtld,50,0.1956754364533542,0.0,474.0,0.6234093748267027,1.0,False,156 secondary endpoint tests
gemma4-e4b-it,0.7,min_p,min-p .10→.01,ttr,50,0.009800000000000008,0.010000000000000009,405.0,0.13785569353326182,1.0,False,156 secondary endpoint tests
gemma4-e4b-it,0.7,min_p,min-p .10→.01,mtld,50,6.514366784662252,6.666666666666657,398.5,0.12078294476734626,1.0,False,156 secondary endpoint tests
gemma4-e4b-it,1.0,top_k,top-k 10→80,ttr,50,0.004000000000000006,0.0,419.0,0.6840798186241381,1.0,False,156 secondary endpoint tests
gemma4-e4b-it,1.0,top_k,top-k 10→80,mtld,50,2.8412601852048978,0.0,463.5,0.7131562613834828,1.0,False,156 secondary endpoint tests
gemma4-e4b-it,1.0,top_p,top-p .80→.99,ttr,50,0.008400000000000003,0.020000000000000018,424.5,0.20433229798222385,1.0,False,156 secondary endpoint tests
gemma4-e4b-it,1.0,top_p,top-p .80→.99,mtld,50,4.144531217770773,10.17259552042161,442.5,0.2842636491098134,1.0,False,156 secondary endpoint tests
gemma4-e4b-it,1.0,min_p,min-p .10→.01,ttr,50,0.0034000000000000007,0.0,458.0,0.664647726323207,1.0,False,156 secondary endpoint tests
gemma4-e4b-it,1.0,min_p,min-p .10→.01,mtld,50,2.00128479458676,0.0,460.5,0.6872164981185338,1.0,False,156 secondary endpoint tests
llama31-8b-base,0.7,top_k,top-k 10→80,ttr,39,0.0376923076923077,0.040000000000000036,127.0,0.0012044371596249056,0.1493502077934883,False,156 secondary endpoint tests
llama31-8b-base,0.7,top_k,top-k 10→80,mtld,39,7.78703397806678,10.919899874843559,171.0,0.010921777138785399,1.0,False,156 secondary endpoint tests
llama31-8b-base,0.7,top_p,top-p .80→.99,ttr,41,0.04780487804878049,0.020000000000000018,205.5,0.005926449872253066,0.6341301363310781,False,156 secondary endpoint tests
llama31-8b-base,0.7,top_p,top-p .80→.99,mtld,41,6.601123829550708,6.764069264069256,276.0,0.11163888874192278,1.0,False,156 secondary endpoint tests
llama31-8b-base,0.7,min_p,min-p .10→.01,ttr,37,0.01972972972972974,0.010000000000000009,258.5,0.24158506135886193,1.0,False,156 secondary endpoint tests
llama31-8b-base,0.7,min_p,min-p .10→.01,mtld,37,0.04402408578249471,2.6123301985370944,264.5,0.5726212220230275,1.0,False,156 secondary endpoint tests
llama31-8b-base,1.0,top_k,top-k 10→80,ttr,40,0.033999999999999996,0.034999999999999976,163.0,0.002611678800169074,0.2957606413863872,False,156 secondary endpoint tests
llama31-8b-base,1.0,top_k,top-k 10→80,mtld,40,11.827726516188653,6.973599812464528,216.5,0.0255239083564106,1.0,False,156 secondary endpoint tests
llama31-8b-base,1.0,top_p,top-p .80→.99,ttr,43,0.05674418604651163,0.050000000000000044,54.5,1.0821470367594859e-06,0.0001688149377344798,True,156 secondary endpoint tests
llama31-8b-base,1.0,top_p,top-p .80→.99,mtld,43,23.735510202626717,17.447916666666686,93.0,4.461234219880733e-06,0.0006825688356417522,True,156 secondary endpoint tests
llama31-8b-base,1.0,min_p,min-p .10→.01,ttr,40,0.03924999999999999,0.039999999999999925,226.5,0.013569663081207755,1.0,False,156 secondary endpoint tests
llama31-8b-base,1.0,min_p,min-p .10→.01,mtld,40,10.95867005661818,7.692307692307708,219.0,0.02800543067858121,1.0,False,156 secondary endpoint tests
llama31-8b-instruct,0.7,top_k,top-k 10→80,ttr,46,0.00478260869565218,0.0,377.5,0.8613461458945519,1.0,False,156 secondary endpoint tests
llama31-8b-instruct,0.7,top_k,top-k 10→80,mtld,46,0.13577837250175814,0.0,331.0,0.7571136724071802,1.0,False,156 secondary endpoint tests
llama31-8b-instruct,0.7,top_p,top-p .80→.99,ttr,47,-0.007446808510638307,-0.010000000000000009,295.5,0.07959771332916335,1.0,False,156 secondary endpoint tests
llama31-8b-instruct,0.7,top_p,top-p .80→.99,mtld,47,-4.781118344248073,0.0,395.5,0.3493672413793961,1.0,False,156 secondary endpoint tests
llama31-8b-instruct,0.7,min_p,min-p .10→.01,ttr,48,0.006249999999999999,0.0,376.0,0.6472817107221633,1.0,False,156 secondary endpoint tests
llama31-8b-instruct,0.7,min_p,min-p .10→.01,mtld,48,0.8617034165310381,1.4298537123853094,511.5,0.7513627882823306,1.0,False,156 secondary endpoint tests
llama31-8b-instruct,1.0,top_k,top-k 10→80,ttr,45,0.020000000000000018,0.010000000000000009,289.0,0.04177567365382567,1.0,False,156 secondary endpoint tests
llama31-8b-instruct,1.0,top_k,top-k 10→80,mtld,45,8.503597010186601,5.0,328.0,0.12253198228691842,1.0,False,156 secondary endpoint tests
llama31-8b-instruct,1.0,top_p,top-p .80→.99,ttr,43,0.034418604651162796,0.030000000000000027,116.5,0.0003884610506892187,0.05127685869097687,False,156 secondary endpoint tests
llama31-8b-instruct,1.0,top_p,top-p .80→.99,mtld,43,13.84023452546654,15.822784810126606,154.5,0.0005940226848567831,0.07603490366166823,False,156 secondary endpoint tests
llama31-8b-instruct,1.0,min_p,min-p .10→.01,ttr,46,0.025217391304347837,0.024999999999999967,275.5,0.016963288664906956,1.0,False,156 secondary endpoint tests
llama31-8b-instruct,1.0,min_p,min-p .10→.01,mtld,46,8.488611177278194,11.482292907909791,327.5,0.03197795654726688,1.0,False,156 secondary endpoint tests
mistral7b-v03-base,0.7,top_k,top-k 10→80,ttr,38,0.0344736842105263,0.03999999999999998,191.5,0.01576159711524089,1.0,False,156 secondary endpoint tests
mistral7b-v03-base,0.7,top_k,top-k 10→80,mtld,38,6.729909618981331,1.475409836065575,222.0,0.1276935960760226,1.0,False,156 secondary endpoint tests
mistral7b-v03-base,0.7,top_p,top-p .80→.99,ttr,42,0.06571428571428571,0.06999999999999995,153.5,0.0003304957558999967,0.043955935534699564,True,156 secondary endpoint tests
mistral7b-v03-base,0.7,top_p,top-p .80→.99,mtld,42,11.978051736795392,6.805016643642942,222.0,0.006896153858272127,0.7309923089768455,False,156 secondary endpoint tests
mistral7b-v03-base,0.7,min_p,min-p .10→.01,ttr,43,0.07186046511627908,0.050000000000000044,142.5,0.00032154483864799106,0.0430870083788308,True,156 secondary endpoint tests
mistral7b-v03-base,0.7,min_p,min-p .10→.01,mtld,43,3.877674330015271,3.7037037037036953,306.0,0.16214462435234045,1.0,False,156 secondary endpoint tests
mistral7b-v03-base,1.0,top_k,top-k 10→80,ttr,36,0.046388888888888875,0.04999999999999993,99.0,0.0003988180959100994,0.05224517056422302,False,156 secondary endpoint tests
mistral7b-v03-base,1.0,top_k,top-k 10→80,mtld,36,15.636448781853236,18.565009726005634,177.5,0.014564442217816803,1.0,False,156 secondary endpoint tests
mistral7b-v03-base,1.0,top_p,top-p .80→.99,ttr,31,0.06483870967741936,0.04999999999999993,72.5,0.0017089134261917994,0.20336069771682413,False,156 secondary endpoint tests
mistral7b-v03-base,1.0,top_p,top-p .80→.99,mtld,31,22.29643280227464,27.830188679245282,93.0,0.012250105740979877,1.0,False,156 secondary endpoint tests
mistral7b-v03-base,1.0,min_p,min-p .10→.01,ttr,41,0.07121951219512196,0.07000000000000006,101.5,3.3457127080455745e-05,0.004750912045424716,True,156 secondary endpoint tests
mistral7b-v03-base,1.0,min_p,min-p .10→.01,mtld,41,17.634145626518418,10.628019323671495,185.0,0.0024921586112953316,0.2915825575215538,False,156 secondary endpoint tests
mistral7b-v03-instruct,0.7,top_k,top-k 10→80,ttr,50,0.0025999999999999955,0.0,239.0,0.6396045093169241,1.0,False,156 secondary endpoint tests
mistral7b-v03-instruct,0.7,top_k,top-k 10→80,mtld,50,-2.1387338364214097,0.0,178.5,0.5768757115744128,1.0,False,156 secondary endpoint tests
mistral7b-v03-instruct,0.7,top_p,top-p .80→.99,ttr,50,0.0013999999999999946,0.0,407.5,0.7652640155031618,1.0,False,156 secondary endpoint tests
mistral7b-v03-instruct,0.7,top_p,top-p .80→.99,mtld,50,2.4147865004425113,0.0,428.0,0.5868560645402783,1.0,False,156 secondary endpoint tests
mistral7b-v03-instruct,0.7,min_p,min-p .10→.01,ttr,50,0.011800000000000007,0.010000000000000009,352.0,0.09403405614540387,1.0,False,156 secondary endpoint tests
mistral7b-v03-instruct,0.7,min_p,min-p .10→.01,mtld,50,5.662345590052228,1.8440643022067178,370.5,0.14619948669875302,1.0,False,156 secondary endpoint tests
mistral7b-v03-instruct,1.0,top_k,top-k 10→80,ttr,50,0.0006000000000000039,0.0,430.5,0.7921549866227926,1.0,False,156 secondary endpoint tests
mistral7b-v03-instruct,1.0,top_k,top-k 10→80,mtld,50,0.6312680134763969,0.0,420.0,0.6936548341143105,1.0,False,156 secondary endpoint tests
mistral7b-v03-instruct,1.0,top_p,top-p .80→.99,ttr,50,0.0116,0.014999999999999958,390.0,0.14975041184563642,1.0,False,156 secondary endpoint tests
mistral7b-v03-instruct,1.0,top_p,top-p .80→.99,mtld,50,7.108031101915982,3.7037037037036953,414.0,0.11240663259912256,1.0,False,156 secondary endpoint tests
mistral7b-v03-instruct,1.0,min_p,min-p .10→.01,ttr,50,0.0232,0.020000000000000018,254.5,0.004962518677509626,0.5359520171710396,False,156 secondary endpoint tests
mistral7b-v03-instruct,1.0,min_p,min-p .10→.01,mtld,50,11.648173790438802,11.20760959470637,313.0,0.00789927686276329,0.8281068244996053,False,156 secondary endpoint tests
qwen25-14b-base,0.7,top_k,top-k 10→80,ttr,39,0.017179487179487175,0.010000000000000009,261.0,0.17134973587672164,1.0,False,156 secondary endpoint tests
qwen25-14b-base,0.7,top_k,top-k 10→80,mtld,39,5.124998267011617,3.3326985336126285,258.0,0.10278359199695374,1.0,False,156 secondary endpoint tests
qwen25-14b-base,0.7,top_p,top-p .80→.99,ttr,42,0.050238095238095234,0.04999999999999999,176.5,0.0009943721726748313,0.12529089375702876,False,156 secondary endpoint tests
qwen25-14b-base,0.7,top_p,top-p .80→.99,mtld,42,9.956337073806035,6.379538725261028,230.0,0.015543534418043682,1.0,False,156 secondary endpoint tests
qwen25-14b-base,0.7,min_p,min-p .10→.01,ttr,43,0.06534883720930232,0.040000000000000036,172.5,0.00048341091724449984,0.06284341924178498,False,156 secondary endpoint tests
qwen25-14b-base,0.7,min_p,min-p .10→.01,mtld,43,14.459908269491793,12.463585373277105,140.0,5.792559517973677e-05,0.008167508920342886,True,156 secondary endpoint tests
qwen25-14b-base,1.0,top_k,top-k 10→80,ttr,40,0.042499999999999996,0.040000000000000036,130.0,0.0004838512579357219,0.06284341924178498,False,156 secondary endpoint tests
qwen25-14b-base,1.0,top_k,top-k 10→80,mtld,40,13.029029890155394,12.427704752275027,210.0,0.012008323853886447,1.0,False,156 secondary endpoint tests
qwen25-14b-base,1.0,top_p,top-p .80→.99,ttr,42,0.06452380952380954,0.06999999999999995,46.5,1.621533990649444e-06,0.00025133776855066383,True,156 secondary endpoint tests
qwen25-14b-base,1.0,top_p,top-p .80→.99,mtld,42,25.212860328387457,27.8158121608601,102.5,6.01658072601015e-05,0.00842321301641421,True,156 secondary endpoint tests
qwen25-14b-base,1.0,min_p,min-p .10→.01,ttr,37,0.06297297297297297,0.07000000000000006,78.0,0.00010294223050964503,0.014206027810331014,True,156 secondary endpoint tests
qwen25-14b-base,1.0,min_p,min-p .10→.01,mtld,37,16.66077294536198,13.333333333333336,146.0,0.0014302863855846226,0.17306465265573934,False,156 secondary endpoint tests
qwen25-14b-instruct,0.7,top_k,top-k 10→80,ttr,50,0.00019999999999999573,0.0,412.5,0.8148422880272322,1.0,False,156 secondary endpoint tests
qwen25-14b-instruct,0.7,top_k,top-k 10→80,mtld,50,-0.34643997842222163,0.0,393.0,0.8192238603913337,1.0,False,156 secondary endpoint tests
qwen25-14b-instruct,0.7,top_p,top-p .80→.99,ttr,50,0.012200000000000003,0.010000000000000009,337.0,0.0644902610345554,1.0,False,156 secondary endpoint tests
qwen25-14b-instruct,0.7,top_p,top-p .80→.99,mtld,50,6.323117960330214,5.797101449275374,381.5,0.12474252876148156,1.0,False,156 secondary endpoint tests
qwen25-14b-instruct,0.7,min_p,min-p .10→.01,ttr,50,0.002800000000000009,0.0,526.0,0.686927250825602,1.0,False,156 secondary endpoint tests
qwen25-14b-instruct,0.7,min_p,min-p .10→.01,mtld,50,2.9882467337270833,0.0,540.0,0.7995022299955061,1.0,False,156 secondary endpoint tests
qwen25-14b-instruct,1.0,top_k,top-k 10→80,ttr,50,0.0015999999999999992,-0.0050000000000000044,490.0,0.9532723949093748,1.0,False,156 secondary endpoint tests
qwen25-14b-instruct,1.0,top_k,top-k 10→80,mtld,50,-1.9102546798325934,-4.706812369216465,410.0,0.4467692828814148,1.0,False,156 secondary endpoint tests
qwen25-14b-instruct,1.0,top_p,top-p .80→.99,ttr,49,0.02061224489795918,0.020000000000000018,276.0,0.003819486599194885,0.42396301251063223,False,156 secondary endpoint tests
qwen25-14b-instruct,1.0,top_p,top-p .80→.99,mtld,49,17.016102577040588,15.27272727272728,292.5,0.004063149661724807,0.44694646278972877,False,156 secondary endpoint tests
qwen25-14b-instruct,1.0,min_p,min-p .10→.01,ttr,50,0.021599999999999987,0.024999999999999967,279.0,0.0025366225430084096,0.2942482149889755,False,156 secondary endpoint tests
qwen25-14b-instruct,1.0,min_p,min-p .10→.01,mtld,50,17.196556593505186,15.414141414141383,245.0,0.0007349948236529355,0.0933443426039228,False,156 secondary endpoint tests
qwen35-9b-base,0.7,top_k,top-k 10→80,ttr,50,0.0392,0.044999999999999984,342.0,0.004326434892784198,0.47158140331347753,False,156 secondary endpoint tests
qwen35-9b-base,0.7,top_k,top-k 10→80,mtld,50,10.628392576717138,6.93455423908903,269.5,0.0010879696758044192,0.1359962094755524,False,156 secondary endpoint tests
qwen35-9b-base,0.7,top_p,top-p .80→.99,ttr,50,0.0504,0.034999999999999976,275.0,0.0037144667330718858,0.4160202741040512,False,156 secondary endpoint tests
qwen35-9b-base,0.7,top_p,top-p .80→.99,mtld,50,5.824323436360744,7.13605244461667,368.0,0.015008507710375183,1.0,False,156 secondary endpoint tests
qwen35-9b-base,0.7,min_p,min-p .10→.01,ttr,49,0.05224489795918368,0.040000000000000036,345.5,0.007886731661901002,0.8281068244996053,False,156 secondary endpoint tests
qwen35-9b-base,0.7,min_p,min-p .10→.01,mtld,49,5.405923396631725,6.853070175438599,464.5,0.14096452628367212,1.0,False,156 secondary endpoint tests
qwen35-9b-base,1.0,top_k,top-k 10→80,ttr,49,0.05020408163265305,0.039999999999999925,222.5,0.00029771832251241525,0.04019197353917606,True,156 secondary endpoint tests
qwen35-9b-base,1.0,top_k,top-k 10→80,mtld,49,10.498484534893812,3.9886039886040123,328.5,0.02054754173109911,1.0,False,156 secondary endpoint tests
qwen35-9b-base,1.0,top_p,top-p .80→.99,ttr,47,0.058297872340425515,0.05999999999999994,130.0,7.228689522934604e-06,0.001077074738917256,True,156 secondary endpoint tests
qwen35-9b-base,1.0,top_p,top-p .80→.99,mtld,47,25.870927686481227,21.739130434782624,186.0,0.00010745848578841416,0.01472181255301274,True,156 secondary endpoint tests
qwen35-9b-base,1.0,min_p,min-p .10→.01,ttr,50,0.0708,0.05999999999999994,134.5,9.095805198575874e-06,0.0013370833641906535,True,156 secondary endpoint tests
qwen35-9b-base,1.0,min_p,min-p .10→.01,mtld,50,20.060277291472545,16.27982002352484,198.0,2.209049699858536e-05,0.0031810315677962917,True,156 secondary endpoint tests
qwen35-9b-instruct,0.7,top_k,top-k 10→80,ttr,50,-0.0010000000000000009,0.0,103.0,0.9400202957103451,1.0,False,156 secondary endpoint tests
qwen35-9b-instruct,0.7,top_k,top-k 10→80,mtld,50,-1.0608803282487502,0.0,74.5,0.9245509377742263,1.0,False,156 secondary endpoint tests
qwen35-9b-instruct,0.7,top_p,top-p .80→.99,ttr,50,-0.0020000000000000083,0.009999999999999953,591.0,0.8302004395620818,1.0,False,156 secondary endpoint tests
qwen35-9b-instruct,0.7,top_p,top-p .80→.99,mtld,50,-1.8561700816108924,4.1481481481481595,559.0,0.7660456175230433,1.0,False,156 secondary endpoint tests
qwen35-9b-instruct,0.7,min_p,min-p .10→.01,ttr,50,0.003999999999999988,0.010000000000000009,462.0,0.38961490402414023,1.0,False,156 secondary endpoint tests
qwen35-9b-instruct,0.7,min_p,min-p .10→.01,mtld,50,0.31507435987220234,0.0,445.0,0.7352493559717104,1.0,False,156 secondary endpoint tests
qwen35-9b-instruct,1.0,top_k,top-k 10→80,ttr,50,0.0032000000000000028,0.0,186.5,0.5013508642720457,1.0,False,156 secondary endpoint tests
qwen35-9b-instruct,1.0,top_k,top-k 10→80,mtld,50,0.051423285483217285,0.0,187.0,0.7155667906361521,1.0,False,156 secondary endpoint tests
qwen35-9b-instruct,1.0,top_p,top-p .80→.99,ttr,50,0.011000000000000005,0.010000000000000009,368.5,0.09198051970946935,1.0,False,156 secondary endpoint tests
qwen35-9b-instruct,1.0,top_p,top-p .80→.99,mtld,50,6.454646945380242,8.202898550724633,325.5,0.0478759153955296,1.0,False,156 secondary endpoint tests
qwen35-9b-instruct,1.0,min_p,min-p .10→.01,ttr,50,2.220446049250313e-18,0.0,515.5,0.9819634804153936,1.0,False,156 secondary endpoint tests
qwen35-9b-instruct,1.0,min_p,min-p .10→.01,mtld,50,1.6472428450565217,0.0,463.0,0.9038807141785894,1.0,False,156 secondary endpoint tests
